gender,university_type,extra_curricular,attendance,test_preparation_course,test_score,prep_score,final_score
male,public,dance,70,completed,55,57,57
male,private,drama,75,completed,89,90,91
male,public,dance,70,none,50,45,49
male,private,dance,70,completed,60,63,63
female,public,drama,65,completed,66,71,70
male,public,music,95,none,97,100,100
female,private,volunteering activity,65,completed,96,98,98
female,private,art,65,none,7,41,25
male,private,volunteering activity,75,completed,95,100,99
male,private,music,95,completed,70,74,73
female,private,dance,70,completed,95,97,97
female,public,dance,70,completed,77,83,81
male,private,volunteering activity,75,none,72,81,78
male,private,sports,75,completed,87,89,89
male,private,dance,70,none,26,43,36
male,private,dance,95,completed,58,68,64
female,public,art,70,none,28,47,39
male,public,sports,75,none,77,79,79
female,private,art,70,completed,62,66,65
male,private,drama,70,completed,91,100,97
male,public,art,75,completed,60,64,63
female,private,dance,70,none,4,37,22
male,private,sports,75,none,55,64,61
male,private,dance,95,completed,60,66,64
female,private,art,75,completed,87,92,91
female,private,dance,70,completed,66,75,72
male,public,music,95,none,96,97,98
female,public,dance,60,none,6,36,22
female,public,drama,75,completed,96,100,99
female,private,volunteering activity,75,completed,83,87,86
female,private,drama,70,none,29,23,27
male,public,dance,75,completed,91,100,97
male,public,dance,70,completed,98,100,100
female,public,sports,75,completed,85,90,89
male,private,drama,95,none,90,95,94
male,public,music,75,none,91,99,96
female,private,art,60,completed,76,78,78
male,public,volunteering activity,95,completed,78,88,84
male,public,volunteering activity,95,none,62,71,68
male,private,volunteering activity,70,none,0,25,14
male,private,drama,70,completed,87,95,92
male,public,music,75,none,78,79,80
female,public,drama,65,none,28,17,24
female,private,sports,70,none,50,3,28
male,private,drama,95,completed,82,88,86
female,public,sports,65,none,12,12,13
male,private,dance,75,completed,79,80,81
female,private,dance,60,none,24,33,30
male,private,volunteering activity,75,none,70,79,76
male,public,drama,70,none,36,34,36
female,public,volunteering activity,70,completed,92,97,96
female,private,dance,65,completed,71,73,73
male,private,sports,95,completed,92,93,94
female,public,dance,60,completed,86,94,91
male,public,drama,95,none,85,87,87
male,private,drama,95,none,94,99,98
male,public,dance,75,none,95,97,97
female,public,dance,60,completed,88,94,92
female,public,drama,70,completed,63,71,68
male,private,art,70,none,50,29,41
male,private,dance,70,none,19,35,28
male,public,drama,75,none,67,70,70
male,private,drama,70,none,1,26,15
female,public,dance,75,none,78,88,84
female,public,volunteering activity,60,none,44,16,31
female,public,drama,60,none,43,50,48
male,public,drama,95,completed,55,57,57
male,private,volunteering activity,70,completed,77,78,79
female,private,drama,60,none,27,16,23
male,public,music,70,completed,85,90,89
female,private,drama,70,none,16,16,17
female,private,drama,75,none,99,100,100
male,public,art,75,none,65,66,67
female,public,volunteering activity,60,completed,57,60,60
male,public,drama,75,completed,72,81,78
female,public,drama,60,none,43,30,38
male,private,sports,95,none,85,86,87
male,private,sports,70,completed,69,74,73
male,public,sports,70,none,42,31,38
male,private,drama,70,completed,60,67,65
female,public,dance,70,completed,84,88,87
male,public,music,95,none,87,97,93
female,private,sports,60,none,13,40,28
female,public,drama,60,none,0,32,17
male,public,music,75,completed,95,100,99
male,private,dance,75,none,57,58,59
female,private,volunteering activity,65,none,31,42,38
female,public,sports,70,none,32,32,33
male,public,art,95,none,95,100,99
male,private,art,70,none,37,37,38
female,private,music,75,none,66,69,69
female,private,art,75,none,84,92,89
female,public,sports,65,none,44,25,36
male,private,sports,70,none,21,10,17
female,private,music,70,none,10,6,9
male,private,volunteering activity,75,completed,84,88,87
male,private,drama,75,none,80,83,83
male,private,drama,95,none,64,69,68
male,private,art,75,completed,60,64,63
male,private,sports,75,none,84,92,89
female,public,sports,75,none,80,82,82
male,private,sports,95,completed,91,99,96
male,private,sports,75,none,92,96,95
male,private,art,95,completed,94,100,98
female,private,drama,70,completed,74,81,79
female,private,volunteering activity,75,none,82,92,88
male,public,music,95,completed,77,82,81
female,public,volunteering activity,60,completed,59,64,63
male,private,art,70,none,43,30,38
male,public,dance,75,none,99,100,100
male,private,dance,95,none,91,92,93
male,private,sports,95,completed,58,61,61
female,public,sports,75,completed,84,90,88
male,private,volunteering activity,95,none,90,95,94
female,public,sports,60,completed,84,88,87
female,private,dance,65,completed,77,84,82
male,private,dance,70,none,45,49,48
female,private,music,65,completed,71,78,76
male,public,music,75,none,97,100,100
female,public,drama,70,completed,75,82,80
female,public,sports,70,completed,81,87,85
male,private,sports,70,completed,74,84,80
male,public,drama,95,none,94,98,97
female,public,sports,60,completed,91,97,95
female,public,volunteering activity,70,completed,65,71,69
male,private,drama,95,none,66,75,72
male,public,dance,75,completed,97,100,100
male,private,drama,75,none,99,100,100
male,private,volunteering activity,70,none,21,4,14
male,public,music,70,none,0,41,22
male,private,art,95,completed,76,79,79
male,private,music,70,none,32,32,33
male,public,sports,95,completed,82,90,87
female,private,dance,75,none,87,95,92
female,private,sports,70,none,26,49,39
male,public,drama,70,none,43,36,41
female,private,drama,60,completed,79,82,82
male,public,volunteering activity,95,none,67,71,70
female,private,art,65,completed,58,60,60
male,public,drama,75,none,98,100,100
male,private,dance,95,none,73,82,79
female,public,music,60,completed,74,79,78
male,private,art,95,completed,58,68,64
male,private,sports,95,none,94,100,98
male,private,dance,75,completed,99,100,100
male,private,dance,75,completed,74,76,76
female,private,dance,70,completed,71,75,74
male,private,drama,95,completed,83,84,85
male,private,dance,95,completed,95,100,99
male,public,art,70,completed,83,89,87
male,public,music,95,completed,93,96,96
male,public,volunteering activity,70,none,42,3,24
female,private,drama,65,completed,95,97,97
male,public,volunteering activity,75,none,97,100,100
female,private,sports,70,completed,93,100,98
female,public,music,60,none,42,40,42
male,private,volunteering activity,95,none,98,100,100
male,private,drama,70,completed,75,85,81
male,public,music,70,completed,80,81,82
female,public,sports,65,completed,76,80,79
male,private,art,75,completed,71,76,75
female,private,art,70,none,31,16,25
male,private,sports,75,completed,73,83,79
male,private,art,70,completed,97,98,99
male,public,sports,70,none,15,3,10
male,public,dance,75,none,89,99,95
female,private,sports,70,completed,100,100,100
male,private,volunteering activity,70,none,14,44,30
male,public,dance,75,completed,58,61,61
male,public,music,95,completed,91,100,97
female,public,drama,60,completed,83,91,88
male,public,art,75,none,61,64,64
female,public,art,70,none,37,39,39
male,public,drama,70,none,29,46,39
male,private,art,75,none,89,91,91
female,public,volunteering activity,60,completed,82,89,87
male,public,music,70,completed,85,89,88
female,public,dance,60,none,44,17,32
male,private,volunteering activity,70,completed,64,70,68
female,private,volunteering activity,70,completed,75,82,80
male,public,art,95,completed,81,89,86
male,public,art,95,none,77,87,83
female,public,dance,75,none,55,62,60
female,public,dance,60,none,25,16,22
female,private,dance,70,completed,55,60,59
female,private,dance,70,completed,60,67,65
female,private,drama,60,completed,77,84,82
male,public,art,75,none,57,58,59
male,private,dance,75,none,67,77,73
female,private,volunteering activity,70,none,10,40,26
male,private,dance,75,completed,60,63,63
male,public,sports,75,none,59,63,62
female,public,dance,70,completed,61,68,66
male,public,dance,75,completed,68,76,73
female,private,music,70,none,2,14,9
male,public,volunteering activity,75,none,59,67,64
female,public,art,65,none,46,4,26
female,public,volunteering activity,75,completed,96,100,99
male,private,volunteering activity,70,completed,58,63,62
male,private,sports,95,completed,79,83,82
male,private,dance,70,completed,74,80,78
female,public,volunteering activity,60,none,44,26,36
male,public,drama,75,none,81,89,86
female,public,music,60,none,42,39,42
male,private,dance,70,completed,69,75,73
female,private,drama,60,none,36,39,39
female,private,drama,60,completed,96,100,99
male,private,volunteering activity,70,completed,92,94,94
male,public,dance,75,none,71,72,73
female,private,drama,60,none,8,21,16
male,public,dance,75,completed,60,69,66
female,private,art,60,none,38,11,26
male,public,sports,75,none,100,100,100
male,public,art,95,completed,79,81,81
male,private,dance,75,completed,83,87,86
male,private,music,75,completed,62,68,66
male,private,sports,75,none,58,63,62
male,private,dance,75,completed,86,88,88
male,private,sports,75,completed,80,88,85
male,private,volunteering activity,95,none,69,71,71
female,private,music,65,completed,84,94,90
male,public,sports,95,none,66,70,69
male,private,sports,95,completed,90,95,94
male,private,sports,75,none,82,90,87
male,private,music,95,none,84,88,87
male,public,music,70,none,13,47,31
male,public,drama,95,completed,59,66,64
male,private,sports,70,none,14,41,29
female,private,volunteering activity,70,none,13,24,20
male,public,art,75,none,97,100,100
male,private,volunteering activity,75,completed,65,67,67
male,private,volunteering activity,70,completed,68,69,70
female,private,volunteering activity,70,none,27,6,18
female,public,drama,65,completed,87,89,89
female,private,art,75,completed,67,73,71
male,public,dance,70,completed,65,75,71
female,public,music,60,none,12,34,24
male,public,drama,95,completed,67,75,72
male,private,volunteering activity,70,none,37,21,30
female,private,music,70,completed,68,69,70
female,public,dance,60,completed,58,64,62
male,public,music,70,completed,62,63,64
male,public,volunteering activity,75,completed,64,73,70
male,private,dance,75,completed,92,100,97
female,public,music,70,completed,89,95,93
female,public,drama,65,completed,60,68,65
male,public,dance,95,completed,82,89,87
female,public,music,75,completed,56,58,58
male,private,music,95,completed,76,78,78
male,public,dance,75,none,60,61,62
female,public,volunteering activity,65,none,0,31,17
male,private,art,70,completed,56,57,58
male,private,volunteering activity,95,completed,65,70,69
female,private,drama,70,none,47,50,50
male,public,art,70,none,4,14,10
female,public,sports,70,none,18,14,17
male,private,dance,75,none,68,75,73
female,private,sports,75,completed,66,69,69
male,private,dance,95,none,78,86,83
male,private,art,75,none,90,97,95
female,public,volunteering activity,70,completed,85,95,91
male,public,art,75,completed,78,79,80
male,private,music,75,completed,60,70,66
female,private,drama,75,completed,73,81,78
male,private,music,95,completed,71,80,77
male,public,dance,70,completed,92,99,97
female,private,volunteering activity,65,none,18,18,19
male,public,drama,95,completed,92,94,94
female,public,art,65,none,23,44,35
female,public,music,65,completed,58,66,63
male,public,art,70,completed,82,92,88
male,public,dance,70,completed,92,96,95
female,public,dance,65,completed,96,100,99
male,private,drama,95,completed,86,91,90
male,public,sports,75,none,92,97,96
male,private,dance,95,completed,72,81,78
male,public,drama,95,none,57,64,62
male,private,dance,95,none,66,72,70
male,public,volunteering activity,75,completed,100,100,100
male,public,art,70,none,20,13,18
female,private,music,65,completed,96,99,99
male,private,drama,70,completed,87,91,90
female,public,drama,75,completed,59,60,61
female,public,art,65,none,48,9,30
male,private,volunteering activity,70,none,50,17,35
male,private,music,70,completed,91,97,95
female,public,drama,65,none,10,1,7
female,private,volunteering activity,70,none,44,19,33
male,public,art,70,none,0,8,5
male,public,drama,70,none,5,46,27
male,private,drama,75,none,64,68,67
female,public,sports,60,completed,71,77,75
female,public,volunteering activity,65,completed,99,100,100
male,private,music,70,none,14,35,26
male,private,drama,95,none,59,62,62
female,public,volunteering activity,75,none,87,97,93
female,public,dance,60,completed,75,85,81
male,private,drama,95,completed,87,93,91
male,private,dance,70,none,32,45,40
female,private,dance,70,completed,62,72,68
male,public,music,75,none,88,94,92
female,public,sports,60,none,45,24,36
male,public,volunteering activity,95,none,76,84,81
female,public,art,75,none,96,100,99
female,private,sports,65,completed,80,88,85
male,public,dance,70,none,24,2,14
male,private,music,95,none,61,69,66
male,private,sports,75,completed,57,62,61
female,public,sports,65,completed,98,100,100
male,public,sports,95,none,61,68,66
female,public,volunteering activity,60,none,29,10,21
male,private,art,70,completed,72,73,74
male,public,volunteering activity,95,none,57,66,63
female,public,art,65,completed,66,72,70
male,private,volunteering activity,95,completed,73,79,77
male,public,dance,95,completed,69,70,71
male,public,sports,75,completed,94,95,96
female,private,drama,65,completed,88,90,90
female,private,sports,75,completed,99,100,100
male,private,dance,70,none,14,14,15
male,public,dance,95,none,86,92,90
female,private,art,70,none,27,19,24
female,private,dance,70,none,35,18,28
male,public,sports,75,completed,85,87,87
male,private,sports,75,completed,81,89,86
female,private,drama,65,none,20,16,19
male,private,volunteering activity,75,completed,79,82,82
female,public,art,70,none,45,27,37
female,public,dance,70,completed,97,100,100
male,private,dance,75,none,89,93,92
female,public,music,60,completed,91,100,97
male,private,dance,75,completed,95,100,99
male,public,drama,70,none,18,1,11
female,public,drama,65,none,35,8,23
male,public,art,75,completed,98,100,100
male,public,music,95,none,64,70,68
female,public,drama,75,none,74,84,80
male,public,sports,70,none,11,48,31
male,public,sports,70,none,6,41,25
male,private,art,75,completed,77,83,81
male,private,music,70,none,25,48,38
female,private,drama,75,completed,92,93,94
male,public,dance,70,completed,99,100,100
male,public,art,75,none,72,80,77
male,public,drama,70,completed,58,59,60
female,public,volunteering activity,70,completed,68,73,72
male,public,sports,75,completed,82,92,88
male,public,dance,70,completed,100,100,100
male,public,music,95,none,59,61,61
female,private,sports,60,completed,73,74,75
female,public,drama,70,none,3,16,11
female,private,dance,75,none,92,93,94
male,private,drama,75,none,95,100,99
female,private,music,65,completed,91,95,94
female,public,art,70,completed,55,64,61
male,private,dance,75,none,91,93,93
male,private,music,70,completed,78,82,81
male,private,dance,75,completed,92,100,97
female,public,sports,65,none,40,49,46
male,public,music,75,completed,81,84,84
male,public,music,70,completed,57,58,59
male,private,art,75,completed,91,93,93
female,public,drama,75,completed,91,98,96
male,private,sports,70,completed,90,92,92
male,public,dance,95,none,66,69,69
female,private,dance,60,completed,94,100,98
male,private,volunteering activity,70,completed,99,100,100
female,public,drama,65,none,20,13,18
male,public,drama,75,none,57,60,60
female,public,drama,60,none,21,8,16
female,private,art,75,none,100,100,100
female,public,music,70,none,44,2,24
male,public,music,70,completed,60,63,63
male,public,sports,75,none,64,74,70
female,private,drama,65,completed,89,95,93
male,private,art,75,none,80,85,84
female,private,drama,70,none,32,10,22
male,private,art,95,none,86,89,89
female,private,volunteering activity,75,none,65,67,67
male,public,art,75,none,95,100,99
female,private,sports,60,completed,84,87,87
female,private,dance,60,none,25,21,24
male,public,sports,95,completed,69,70,71
female,public,dance,60,completed,68,75,73
female,private,drama,65,completed,60,61,62
male,private,drama,70,completed,85,93,90
female,public,volunteering activity,70,completed,59,60,61
male,public,sports,70,none,4,6,6
female,private,volunteering activity,60,none,40,21,32
female,private,music,70,none,2,4,4
male,private,art,95,completed,61,62,63
female,public,dance,70,completed,97,99,99
male,public,music,95,completed,89,98,95
male,private,art,95,none,64,69,68
female,public,music,65,none,44,27,37
male,private,art,75,completed,89,98,95
female,public,sports,75,none,64,70,68
male,private,music,95,none,85,95,91
female,private,music,75,none,60,68,65
male,public,sports,95,completed,89,95,93
female,private,volunteering activity,75,completed,77,87,83
female,private,volunteering activity,60,completed,97,98,99
female,private,sports,60,completed,55,65,61
male,public,music,95,none,80,86,84
male,private,volunteering activity,75,completed,95,100,99
male,public,sports,95,none,98,100,100
male,private,drama,95,completed,63,67,66
female,private,sports,70,none,36,50,44
male,public,dance,70,none,3,44,25
male,public,music,95,completed,95,100,99
male,private,volunteering activity,75,none,74,80,78
male,public,volunteering activity,75,completed,65,68,68
female,private,volunteering activity,65,completed,68,71,71
female,public,drama,70,none,38,29,35
female,private,dance,75,completed,96,98,98
female,public,sports,75,none,77,85,82
male,private,music,75,none,62,66,65
male,public,drama,75,none,86,88,88
male,private,art,95,none,70,72,72
male,private,sports,95,completed,89,95,93
male,private,art,70,none,10,33,23
female,private,dance,70,completed,73,81,78
male,public,drama,70,none,7,7,8
male,private,volunteering activity,75,completed,89,90,91
male,private,volunteering activity,75,completed,65,66,67
male,private,drama,95,completed,74,78,77
female,public,sports,60,none,41,6,25
male,private,music,70,none,14,10,13
female,public,dance,60,completed,99,100,100
male,public,music,95,completed,69,70,71
male,public,drama,95,none,64,69,68
male,public,sports,70,none,44,40,43
female,private,music,75,none,99,100,100
male,private,music,95,none,90,96,94
male,public,drama,70,completed,67,71,70
male,public,sports,70,completed,96,97,98
male,private,dance,75,none,59,67,64
male,public,drama,70,completed,63,67,66
male,private,volunteering activity,95,completed,68,78,74
male,public,sports,70,completed,88,89,90
male,public,sports,75,none,72,78,76
male,public,drama,95,none,89,96,94
female,public,music,75,none,79,81,81
male,public,drama,95,none,70,75,74
female,private,sports,65,none,37,48,44
female,public,dance,70,none,46,30,39
male,private,music,70,none,22,42,33
male,public,music,70,none,19,15,18
female,private,art,65,completed,65,73,70
male,private,volunteering activity,95,completed,81,90,87
male,private,drama,75,completed,85,87,87
male,public,drama,95,completed,78,83,82
female,private,sports,65,none,25,5,16
female,private,sports,65,completed,91,98,96
female,public,music,65,none,15,20,19
female,private,music,60,none,9,3,7
female,private,art,60,completed,91,96,95
female,public,volunteering activity,70,none,36,27,33
female,public,dance,65,completed,92,95,95
male,public,music,75,none,89,91,91
female,private,volunteering activity,75,completed,79,83,82
male,private,art,70,none,22,6,15
male,public,volunteering activity,70,none,3,22,14
female,public,art,70,completed,87,92,91
female,private,art,70,completed,99,100,100
male,private,art,95,none,60,68,65
male,private,music,70,none,38,7,24
female,private,sports,60,completed,100,100,100
female,public,sports,70,completed,73,78,77
male,public,art,70,none,43,45,45
male,private,sports,70,completed,74,83,80
male,private,sports,70,completed,83,90,88
male,private,dance,75,completed,62,64,64
male,private,sports,95,none,86,92,90
male,private,drama,70,none,9,44,28
male,private,art,70,completed,90,97,95
male,private,dance,70,none,19,3,12
female,public,music,70,completed,76,80,79
female,private,sports,60,none,0,34,18
male,private,dance,75,completed,72,82,78
female,private,sports,75,completed,93,96,96
female,private,volunteering activity,70,completed,72,73,74
male,public,art,95,completed,95,100,99
male,public,sports,70,completed,99,100,100
male,public,sports,95,none,89,95,93
male,public,volunteering activity,75,none,91,94,94
male,public,dance,95,completed,78,80,80
male,public,dance,75,none,87,90,90
female,private,art,70,none,18,4,12
male,private,dance,95,completed,73,78,77
male,private,music,75,completed,81,88,86
female,private,art,60,completed,94,100,98
female,public,drama,75,completed,95,99,98
male,public,volunteering activity,70,none,35,10,24
female,public,volunteering activity,70,none,26,23,26
male,public,music,70,none,45,12,30
male,private,art,75,completed,69,77,74
male,private,drama,95,completed,81,90,87
male,private,dance,75,completed,58,66,63
male,public,art,75,completed,68,75,73
male,private,drama,75,none,81,91,87
male,public,sports,75,none,81,85,84
male,public,dance,70,completed,89,97,94
male,private,sports,75,completed,87,92,91
male,public,drama,70,completed,83,91,88
male,private,art,70,completed,85,90,89
male,public,dance,95,none,59,63,62
male,private,volunteering activity,70,none,15,9,13
male,public,dance,95,none,80,90,86
male,public,drama,75,completed,84,85,86
male,private,music,75,none,63,65,65
male,public,sports,70,none,27,19,24
male,public,art,70,none,17,30,25
female,public,music,65,completed,63,66,66
male,private,volunteering activity,70,completed,84,93,90
female,private,volunteering activity,65,none,4,44,25
male,public,volunteering activity,70,completed,85,94,91
female,public,music,60,completed,86,94,91
male,private,dance,75,none,61,70,67
male,private,dance,95,completed,83,89,87
female,public,music,60,completed,63,67,66
male,private,dance,75,none,79,87,84
male,public,drama,70,completed,80,89,86
male,private,music,95,completed,69,76,74
male,private,music,95,completed,100,100,100
male,private,music,70,completed,88,98,94
male,public,volunteering activity,75,completed,63,65,65
female,public,sports,75,none,87,96,93
female,public,art,65,completed,62,72,68
male,public,music,70,completed,79,88,85
female,public,dance,70,completed,79,80,81
female,public,art,60,completed,81,88,86
male,public,sports,95,none,85,95,91
male,public,drama,75,none,64,72,69
female,private,sports,65,completed,63,67,66
male,public,art,95,completed,60,70,66
female,public,volunteering activity,70,none,4,3,5
female,public,art,70,none,11,10,12
male,private,volunteering activity,75,completed,91,92,93
male,private,volunteering activity,75,none,65,67,67
male,private,drama,95,completed,88,93,92
male,private,volunteering activity,75,completed,67,76,73
female,private,sports,70,completed,90,99,96
female,public,volunteering activity,75,none,94,99,98
male,private,drama,70,completed,72,79,77
male,private,music,95,completed,96,100,99
male,private,drama,70,completed,79,81,81
female,public,art,70,completed,94,100,98
male,private,dance,70,completed,80,90,86
female,private,drama,65,completed,81,86,85
male,public,volunteering activity,70,completed,72,73,74
male,private,volunteering activity,70,none,46,33,41
female,private,art,75,completed,74,84,80
male,private,drama,70,completed,82,85,85
female,private,art,60,completed,62,70,67
male,public,volunteering activity,75,none,92,100,97
male,private,drama,70,none,1,13,8
male,private,dance,70,none,42,24,34
male,public,sports,70,completed,78,84,82
male,public,dance,75,none,68,73,72
male,private,art,75,none,78,82,81
male,private,music,95,none,55,65,61
female,public,music,75,completed,93,100,98
male,private,art,70,none,30,4,18
male,private,art,75,none,68,78,74
male,private,drama,70,completed,99,100,100
male,private,drama,75,completed,86,87,88
male,private,dance,75,none,87,88,89
female,public,music,60,completed,77,82,81
female,public,sports,75,completed,98,100,100
female,private,art,60,completed,59,65,63
male,private,sports,95,completed,75,82,80
female,public,music,60,completed,84,89,88
female,private,art,70,none,7,33,21
female,private,drama,75,none,67,73,71
female,public,art,65,none,8,33,22
male,public,dance,75,completed,84,90,88
male,private,volunteering activity,75,none,78,82,81
female,private,volunteering activity,70,completed,68,77,74
male,public,volunteering activity,70,none,15,15,16
female,private,art,60,completed,96,100,99
female,public,dance,75,none,55,64,61
male,public,volunteering activity,75,completed,60,64,63
male,private,art,70,completed,82,87,86
female,private,sports,65,completed,82,88,86
male,private,music,95,completed,69,79,75
male,private,art,70,none,25,28,28
male,public,volunteering activity,70,completed,67,70,70
male,private,drama,75,completed,60,66,64
female,private,art,70,none,32,49,42
male,public,drama,75,none,61,68,66
female,private,drama,75,completed,97,100,100
male,public,volunteering activity,70,completed,77,83,81
male,private,music,75,none,61,70,67
female,private,volunteering activity,60,none,42,23,34
male,public,drama,70,none,20,24,23
male,public,sports,70,none,21,7,15
female,private,sports,60,none,1,45,24
female,private,art,65,none,4,11,9
female,public,volunteering activity,75,completed,67,77,73
male,private,art,95,completed,92,98,96
male,public,volunteering activity,95,none,68,69,70
female,public,music,60,none,49,29,40
male,private,sports,75,none,69,78,75
female,public,sports,65,none,6,31,20
male,public,drama,95,completed,58,66,63
male,public,dance,70,none,18,14,17
male,private,sports,95,none,96,100,99
female,private,sports,75,completed,58,60,60
female,private,dance,60,none,23,40,33
male,public,art,70,none,48,19,35
male,private,dance,95,none,56,62,60
female,public,art,60,none,20,0,11
female,private,music,70,completed,59,67,64
female,public,sports,75,completed,100,100,100
male,private,volunteering activity,70,none,7,14,12
male,public,volunteering activity,75,none,83,85,85
female,private,sports,75,none,77,81,80
male,public,sports,75,completed,58,62,61
male,private,art,95,none,84,91,89
male,public,volunteering activity,75,completed,65,70,69
female,public,music,75,none,64,71,69
male,public,volunteering activity,75,none,70,76,74
female,public,volunteering activity,65,completed,67,68,69
male,public,dance,75,none,95,96,97
male,private,volunteering activity,75,none,76,77,78
female,public,art,60,none,2,5,5
male,private,music,75,none,90,98,95
male,public,art,95,completed,80,89,86
female,private,music,75,none,79,86,84
female,private,music,75,completed,80,81,82
female,private,music,75,completed,94,100,98
female,public,volunteering activity,65,none,29,15,23
female,private,dance,65,completed,89,95,93
male,private,volunteering activity,70,none,33,49,42
male,public,drama,95,completed,85,95,91
male,public,sports,95,none,85,95,91
male,private,volunteering activity,70,completed,61,63,63
male,private,art,70,none,46,31,40
male,private,dance,95,completed,90,100,96
female,public,volunteering activity,60,none,9,30,21
male,private,art,75,completed,97,100,100
male,private,volunteering activity,75,none,76,85,82
male,public,sports,75,none,60,68,65
female,public,dance,60,completed,83,85,85
male,private,volunteering activity,75,none,86,91,90
male,public,music,95,none,66,73,71
female,public,dance,65,completed,69,70,71
female,public,art,60,completed,80,82,82
female,public,volunteering activity,60,none,33,4,20
female,private,music,75,completed,92,100,97
male,private,dance,70,completed,89,90,91
male,public,sports,70,completed,87,91,90
male,public,music,95,none,65,70,69
female,public,dance,70,none,2,2,3
female,private,art,70,completed,72,74,74
male,public,art,70,completed,89,95,93
male,private,music,95,none,76,84,81
female,public,sports,60,none,20,17,20
male,public,sports,70,none,13,39,27
male,private,art,95,none,56,60,59
male,public,sports,95,none,64,71,69
male,public,sports,70,completed,61,67,65
male,public,art,95,none,59,66,64
female,public,volunteering activity,65,none,39,7,24
female,public,drama,60,none,9,26,19
female,private,volunteering activity,60,none,35,7,22
male,private,volunteering activity,70,none,36,26,32
male,private,music,95,completed,63,71,68
male,public,drama,95,none,68,74,72
male,private,art,75,none,60,63,63
female,public,drama,70,completed,86,91,90
male,private,drama,95,completed,70,79,76
male,private,dance,75,completed,75,82,80
male,public,art,70,none,3,31,18
male,private,drama,75,completed,57,67,63
male,public,music,75,completed,94,96,96
male,private,drama,95,none,96,100,99
male,private,volunteering activity,75,completed,64,74,70
male,private,music,70,completed,79,86,84
male,public,sports,70,completed,75,85,81
male,private,drama,95,none,77,82,81
male,public,music,95,completed,85,94,91
male,public,dance,75,completed,64,70,68
male,public,sports,70,completed,86,94,91
female,public,dance,65,completed,74,79,78
female,public,art,75,completed,97,99,99
male,private,volunteering activity,95,completed,64,71,69
female,private,drama,60,completed,59,67,64
male,public,dance,75,none,98,100,100
female,private,dance,70,completed,89,99,95
male,public,volunteering activity,95,completed,99,100,100
male,public,volunteering activity,75,none,93,100,98
female,public,dance,65,completed,97,99,99
female,public,art,70,none,23,4,15
male,private,sports,70,none,20,5,14
male,private,dance,95,none,75,78,78
male,private,art,75,completed,65,71,69
female,private,drama,65,completed,63,72,69
male,public,art,75,none,73,80,78
male,private,volunteering activity,70,none,34,3,20
male,public,music,75,completed,87,88,89
female,public,sports,65,completed,77,84,82
male,private,volunteering activity,70,completed,73,78,77
male,public,music,95,completed,69,70,71
male,private,art,75,none,89,90,91
male,private,sports,70,completed,97,99,99
male,public,volunteering activity,75,completed,98,100,100
male,private,dance,70,completed,64,72,69
male,private,drama,95,none,86,88,88
female,public,art,65,completed,90,91,92
female,public,dance,65,none,41,34,39
male,public,drama,70,completed,91,100,97
male,public,sports,70,none,11,46,30
female,private,volunteering activity,75,none,94,100,98
female,public,art,60,none,43,50,48
female,private,drama,65,completed,55,65,61
male,public,art,95,none,95,99,98
male,private,music,95,none,63,70,68
male,public,dance,75,completed,59,60,61
male,public,sports,95,none,55,63,60
male,public,sports,70,none,40,47,45
female,public,art,60,none,26,46,37
female,public,music,65,none,48,19,35
male,public,sports,95,completed,55,65,61
female,public,dance,65,none,35,47,42
male,public,volunteering activity,75,none,85,89,88
male,private,volunteering activity,95,completed,83,92,89
male,public,art,75,none,92,99,97
female,public,volunteering activity,75,completed,88,96,93
female,public,dance,60,completed,88,98,94
female,public,dance,65,completed,57,60,60
male,private,volunteering activity,70,none,13,12,14
male,public,art,70,none,19,22,22
male,public,art,95,completed,100,100,100
male,public,volunteering activity,70,completed,58,65,63
male,public,dance,70,completed,97,100,100
male,public,drama,70,completed,96,100,99
female,private,sports,60,completed,87,88,89
female,public,sports,70,completed,71,74,74
female,private,music,60,none,0,26,14
female,public,art,65,none,11,50,32
male,private,dance,75,none,83,88,87
male,public,dance,70,completed,86,94,91
male,public,art,75,none,58,66,63
female,public,music,75,completed,62,65,65
male,private,art,95,none,74,80,78
female,private,sports,60,completed,74,84,80
male,public,music,70,completed,82,84,84
male,public,music,75,none,82,85,85
male,public,art,70,none,49,36,44
female,public,volunteering activity,70,completed,70,72,72
male,private,dance,95,none,74,75,76
female,private,drama,75,none,84,91,89
male,private,art,70,completed,67,69,69
male,private,volunteering activity,75,none,69,73,72
male,public,volunteering activity,95,completed,95,96,97
female,public,dance,75,completed,60,68,65
male,private,sports,70,completed,97,100,100
female,private,drama,75,completed,65,66,67
male,public,music,75,none,76,80,79
female,public,music,75,completed,76,82,80
female,private,dance,75,completed,90,96,94
male,public,music,95,completed,75,78,78
male,public,drama,95,completed,82,83,84
female,private,drama,60,none,41,9,26
male,private,volunteering activity,95,none,61,69,66
male,private,volunteering activity,70,completed,59,68,65
male,private,dance,75,completed,61,71,67
male,public,art,95,none,88,92,91
male,private,dance,95,none,85,89,88
male,private,music,70,none,33,21,28
male,private,drama,70,completed,55,56,57
male,private,volunteering activity,95,completed,95,100,99
female,public,sports,60,completed,55,63,60
male,public,dance,95,none,80,90,86
male,public,art,75,none,84,90,88
female,private,volunteering activity,65,completed,77,82,81
male,private,sports,95,none,76,82,80
female,private,music,75,completed,60,68,65
female,public,volunteering activity,65,completed,66,72,70
male,private,dance,95,none,80,87,85
male,private,dance,95,completed,66,71,70
female,private,sports,70,completed,98,100,100
female,private,sports,70,completed,74,81,79
male,private,volunteering activity,95,completed,61,66,65
male,private,volunteering activity,95,none,100,100,100
female,private,music,75,completed,87,95,92
female,public,music,60,none,39,15,28
female,private,sports,75,none,82,85,85
female,private,drama,75,completed,67,77,73
male,private,art,95,completed,83,84,85
male,private,dance,95,none,88,96,93
male,public,volunteering activity,75,none,100,100,100
male,public,dance,95,completed,78,87,84
male,public,art,75,completed,70,73,73
male,public,music,70,completed,95,100,99
female,public,drama,60,none,31,9,21
male,private,dance,95,none,88,95,93
male,public,volunteering activity,70,none,32,49,42
female,public,volunteering activity,65,completed,93,100,98
female,public,sports,75,none,78,83,82
male,private,drama,70,none,15,15,16
male,private,volunteering activity,70,none,0,18,10
male,private,dance,95,completed,98,100,100
male,public,art,75,completed,89,94,93
female,public,music,60,none,25,5,16
female,private,sports,65,none,7,48,29
male,private,sports,75,completed,87,97,93
female,private,sports,65,none,4,34,20
female,private,music,60,completed,57,66,63
female,public,music,60,none,11,28,21
male,private,drama,95,completed,74,80,78
female,public,art,70,completed,98,100,100
female,private,dance,70,none,41,26,35
male,public,volunteering activity,75,none,89,92,92
female,public,dance,65,completed,86,88,88
female,private,volunteering activity,75,completed,76,83,81
male,public,music,70,none,39,31,36
male,private,art,95,none,97,100,100
male,public,art,75,none,90,95,94
male,private,art,70,none,18,3,12
female,public,art,60,completed,67,76,73
male,public,sports,95,none,69,73,72
female,public,drama,65,completed,76,86,82
male,public,dance,95,completed,89,93,92
male,public,art,75,none,71,78,76
male,private,dance,75,none,78,87,84
male,private,drama,70,none,20,12,17
male,private,sports,70,completed,92,100,97
male,public,music,70,completed,71,76,75
female,private,art,75,completed,69,77,74
female,public,dance,75,completed,80,90,86
male,private,drama,70,none,22,3,14
female,private,dance,65,completed,94,100,98
female,public,sports,70,none,28,23,27
female,private,art,70,none,33,36,36
male,private,music,95,completed,70,75,74
male,private,dance,95,none,99,100,100
male,private,art,75,completed,84,94,90
female,public,volunteering activity,70,none,37,25,32
female,public,volunteering activity,65,none,1,40,22
male,private,dance,75,completed,59,64,63
female,private,music,60,completed,99,100,100
female,private,music,70,completed,90,92,92
male,public,sports,75,completed,69,73,72
female,public,sports,65,none,22,50,37
male,public,dance,70,none,27,1,15
male,public,drama,70,none,2,12,8
male,public,volunteering activity,75,completed,56,58,58
male,private,sports,70,none,43,43,44
female,public,sports,60,completed,96,98,98
female,public,volunteering activity,70,completed,83,86,86
male,public,sports,95,none,79,86,84
female,public,volunteering activity,60,completed,89,96,94
female,private,art,60,completed,99,100,100
male,private,drama,75,none,86,90,89
female,public,drama,75,completed,97,98,99
female,public,art,75,completed,86,91,90
female,public,drama,65,completed,66,68,68
male,public,sports,95,completed,94,95,96
female,private,dance,70,completed,68,77,74
male,private,sports,70,none,20,8,15
female,private,drama,65,none,3,5,5
female,private,volunteering activity,70,completed,70,72,72
female,private,sports,70,completed,70,79,76
female,public,drama,75,none,64,72,69
male,public,sports,70,completed,76,77,78
male,private,volunteering activity,70,completed,70,73,73
female,public,art,75,completed,64,74,70
male,public,music,75,completed,79,85,83
female,public,music,70,completed,96,97,98
male,private,art,70,completed,97,100,100
male,public,art,95,none,81,83,83
male,private,drama,75,none,63,66,66
male,private,art,70,completed,75,78,78
male,private,art,95,none,66,67,68
male,private,art,70,none,38,14,27
male,private,drama,95,completed,59,62,62
male,private,drama,75,completed,79,86,84
male,private,sports,75,none,70,75,74
female,private,dance,65,none,17,23,21
female,private,sports,65,none,1,36,20
female,private,sports,70,none,46,22,35
male,public,art,70,none,36,2,20
male,public,music,95,none,60,66,64
male,public,music,95,completed,70,77,75
female,private,drama,60,completed,91,97,95
male,private,art,70,none,7,38,24
female,private,art,65,completed,85,88,88
female,private,drama,60,completed,89,91,91
female,private,dance,75,none,85,94,91
male,public,music,70,none,27,5,17
male,private,art,95,none,64,68,67
male,public,sports,95,none,83,86,86
male,public,dance,70,completed,64,73,70
male,private,sports,95,completed,87,88,89
male,private,art,95,none,72,79,77
female,private,drama,65,none,24,2,14
male,public,music,70,none,19,48,35
male,public,sports,95,none,81,83,83
female,private,dance,75,none,93,97,96
female,private,sports,75,completed,89,98,95
female,public,sports,60,none,18,36,28
male,private,drama,75,completed,87,91,90
male,public,art,75,none,84,88,87
male,public,drama,95,none,92,100,97
female,private,sports,75,none,75,82,80
female,private,volunteering activity,65,completed,55,61,59
male,private,volunteering activity,75,completed,56,58,58
female,public,sports,65,completed,61,70,67
male,private,drama,75,none,100,100,100
male,public,music,70,completed,76,86,82
male,private,drama,70,completed,55,56,57
male,public,dance,70,none,46,16,32
male,public,music,70,none,3,16,11
female,public,sports,70,completed,87,94,92
male,public,sports,95,completed,55,61,59
female,private,volunteering activity,75,none,64,70,68
female,public,music,70,completed,75,85,81
male,public,drama,70,completed,60,61,62
male,public,sports,75,none,100,100,100
male,public,sports,95,none,69,77,74
male,private,art,70,completed,80,87,85
female,private,volunteering activity,65,completed,92,93,94
female,public,sports,60,none,32,17,26
female,public,sports,70,none,5,22,15
male,private,sports,95,completed,56,64,61
male,public,volunteering activity,70,completed,84,87,87
male,public,music,95,completed,99,100,100
male,private,drama,75,completed,80,87,85
male,public,volunteering activity,70,completed,56,61,60
male,public,dance,70,none,30,15,24
male,public,sports,70,completed,61,69,66
male,public,music,75,completed,77,78,79
male,private,music,70,completed,95,96,97
male,public,art,95,none,99,100,100
female,public,music,70,none,36,20,29
female,private,art,65,none,30,31,32
male,private,art,95,completed,87,90,90
male,private,drama,95,none,57,61,60
male,public,drama,95,none,68,76,73
male,public,volunteering activity,70,none,20,42,32
female,public,dance,60,none,15,35,26
male,private,dance,70,none,29,47,39
male,public,dance,70,none,15,7,12
female,private,dance,75,completed,62,70,67
male,public,dance,70,none,23,46,36
female,public,music,70,completed,95,100,99
male,private,art,75,completed,82,84,84
female,public,sports,70,completed,95,96,97
male,public,dance,75,completed,57,59,59
female,public,dance,70,none,37,14,27
male,private,music,95,none,76,77,78
male,public,dance,70,none,40,50,46
female,private,music,75,none,81,91,87
male,private,volunteering activity,75,completed,93,99,97
male,private,volunteering activity,70,completed,62,63,64
male,private,art,70,completed,76,82,80
female,public,drama,60,completed,81,90,87
female,private,music,60,completed,81,84,84
male,private,dance,70,completed,70,75,74
male,private,music,95,completed,57,58,59
female,private,volunteering activity,70,completed,55,59,58
male,private,volunteering activity,75,completed,88,97,94
male,public,art,95,completed,61,68,66
male,public,drama,70,completed,60,66,64
female,public,sports,65,completed,93,100,98
female,private,drama,70,completed,80,85,84
female,private,music,60,none,40,6,24
female,public,volunteering activity,60,completed,84,86,86
female,private,volunteering activity,65,none,36,45,42
male,private,dance,70,none,15,30,24
male,private,music,95,none,56,62,60
male,private,art,70,none,16,24,21
male,public,drama,95,completed,57,58,59
female,public,drama,75,none,89,95,93
female,private,dance,70,completed,60,61,62
female,private,art,60,completed,99,100,100
male,public,music,70,none,0,1,2
female,private,sports,60,completed,89,94,93
female,public,drama,60,none,24,40,33
female,private,volunteering activity,75,none,95,100,99
female,public,sports,60,completed,85,88,88
male,private,drama,95,completed,57,66,63
female,public,sports,75,completed,69,74,73
female,public,volunteering activity,65,completed,96,100,99
female,private,drama,70,none,49,49,50
male,private,sports,95,none,55,59,58
male,private,dance,70,completed,78,83,82
male,private,art,70,completed,70,79,76
female,public,volunteering activity,70,none,33,39,37
male,private,sports,70,completed,69,70,71
female,private,sports,75,none,90,97,95
male,public,dance,70,completed,100,100,100
male,private,volunteering activity,70,none,5,28,18
male,public,sports,70,completed,84,93,90
female,private,sports,65,completed,60,70,66
female,private,volunteering activity,60,completed,59,61,61
male,private,art,95,none,100,100,100
female,public,volunteering activity,65,none,37,28,34
male,private,volunteering activity,95,none,92,93,94
male,public,volunteering activity,70,completed,74,79,78
male,private,drama,75,completed,81,88,86
male,private,drama,95,none,98,100,100
male,private,drama,95,completed,83,86,86
female,public,art,70,none,46,14,31
male,private,music,95,none,86,95,92
male,private,drama,95,completed,89,97,94
female,public,sports,65,completed,83,92,89
male,private,volunteering activity,95,completed,90,97,95
female,public,music,70,none,20,29,26
female,public,art,60,none,3,4,5
female,public,dance,75,completed,98,100,100
male,private,art,95,none,75,81,79
male,private,dance,95,completed,93,100,98
male,private,drama,70,completed,62,63,64
male,public,sports,75,completed,87,94,92
female,private,music,60,none,4,1,4
male,public,sports,75,completed,100,100,100
male,private,volunteering activity,70,none,12,46,30
female,public,sports,75,none,88,98,94
male,private,sports,75,none,69,75,73
female,private,art,60,completed,62,65,65
male,public,dance,75,none,79,82,82
male,private,sports,75,completed,56,60,59
male,public,sports,75,none,56,64,61
male,public,art,75,completed,92,95,95
female,public,volunteering activity,75,completed,56,65,62
male,public,art,70,none,16,16,17
female,public,music,70,none,7,42,26
male,public,sports,95,none,64,72,69
female,private,music,75,none,78,82,81
female,private,dance,70,none,30,49,41
female,public,art,60,completed,98,99,100
male,public,music,75,completed,83,89,87
female,public,dance,65,none,3,27,16
female,private,volunteering activity,70,completed,68,72,71
male,public,drama,70,completed,73,74,75
female,private,volunteering activity,75,none,82,89,87
male,private,dance,95,completed,62,66,65
female,private,volunteering activity,65,completed,60,62,62
female,private,music,75,none,92,99,97
female,public,art,60,completed,75,79,78
male,private,art,95,completed,73,78,77
male,private,sports,75,none,99,100,100
male,public,volunteering activity,75,none,94,100,98
female,public,music,60,completed,98,100,100
female,public,volunteering activity,70,completed,66,69,69
male,public,dance,95,none,56,57,58
male,private,sports,95,none,86,88,88
male,private,art,95,completed,57,67,63
male,private,volunteering activity,75,none,73,78,77
male,private,volunteering activity,95,completed,95,100,99
male,public,art,75,completed,80,89,86
male,private,sports,70,none,34,12,24
female,public,art,60,completed,83,92,89
male,private,volunteering activity,75,completed,56,61,60
male,public,dance,75,none,83,84,85
male,public,sports,70,none,2,30,17
female,private,art,70,completed,88,94,92
male,private,art,75,none,95,100,99
female,public,art,65,completed,90,93,93
male,private,dance,75,completed,95,97,97
male,private,volunteering activity,95,none,84,92,89
male,private,drama,95,completed,64,65,66
female,private,sports,75,completed,90,91,92
male,private,sports,70,completed,85,88,88
male,public,drama,95,completed,100,100,100
male,public,drama,70,completed,61,68,66
male,private,volunteering activity,75,none,77,87,83
female,public,sports,70,completed,58,64,62
female,public,sports,70,none,33,3,19
male,public,art,95,completed,59,68,65
female,public,sports,70,completed,56,63,61
female,private,drama,65,completed,85,89,88
female,private,volunteering activity,75,none,78,82,81
male,private,dance,95,completed,91,96,95
female,private,dance,75,none,69,71,71
male,private,art,70,completed,71,76,75
male,public,dance,95,completed,62,69,67
female,private,music,75,completed,98,100,100
male,public,volunteering activity,70,none,18,50,35
female,public,music,65,none,2,41,23
female,public,drama,60,completed,61,63,63
female,private,dance,70,none,6,1,5
female,public,art,75,completed,94,100,98
female,private,volunteering activity,70,completed,86,88,88
male,private,dance,70,completed,62,68,66
female,private,sports,60,none,14,43,30
male,private,dance,95,none,75,81,79
male,private,volunteering activity,75,none,96,99,99
female,public,music,70,none,46,42,45
male,public,dance,75,completed,56,65,62
male,public,dance,95,completed,79,84,83
female,public,music,60,none,29,17,24
male,public,music,70,completed,85,91,89
female,private,dance,75,none,97,100,100
male,private,sports,70,completed,66,71,70
female,private,drama,65,completed,63,69,67
male,public,dance,70,completed,66,71,70
female,public,sports,70,none,36,19,29
male,public,volunteering activity,95,none,60,62,62
female,public,volunteering activity,60,completed,100,100,100
male,private,volunteering activity,75,none,92,97,96
female,public,volunteering activity,60,none,18,20,20
male,private,music,95,none,56,61,60
female,public,art,65,none,20,15,19
male,public,art,70,completed,73,76,76
female,private,art,70,completed,77,83,81
male,private,sports,75,none,83,85,85
male,public,volunteering activity,75,completed,90,99,96
male,public,art,70,none,41,35,39
male,public,dance,75,completed,56,62,60
male,public,music,95,none,95,100,99
female,private,drama,60,none,42,9,27
male,private,drama,70,none,36,43,41
female,public,volunteering activity,60,none,23,47,36
female,public,sports,60,none,47,13,31
male,public,art,75,completed,85,92,90
male,private,music,70,none,2,16,10
male,private,volunteering activity,75,none,56,65,62
female,public,volunteering activity,60,none,1,36,20
male,public,sports,70,completed,87,91,90
male,public,dance,75,completed,88,96,93
male,private,dance,75,completed,89,99,95
female,private,volunteering activity,65,none,36,48,43
female,private,music,70,none,15,2,10
male,public,art,70,completed,97,98,99
male,public,dance,75,none,86,93,91
female,public,drama,60,none,13,6,11
male,private,sports,70,none,19,7,14
male,private,volunteering activity,70,completed,96,100,99
male,private,sports,70,none,16,37,28
male,public,sports,70,completed,99,100,100
female,private,dance,75,completed,78,80,80
female,private,dance,70,none,11,12,13
female,private,dance,70,completed,76,77,78
male,public,music,70,completed,63,70,68
female,private,dance,60,none,12,34,24
male,public,dance,75,none,81,83,83
female,private,dance,70,completed,99,100,100
female,private,drama,70,none,24,43,35
male,private,volunteering activity,95,completed,55,56,57
female,private,volunteering activity,60,none,38,6,23
female,private,drama,65,completed,90,97,95
male,public,volunteering activity,75,completed,68,75,73
male,private,drama,75,completed,67,71,70
female,private,sports,65,none,35,34,36
female,public,drama,70,none,15,22,20
female,private,volunteering activity,75,none,70,77,75
female,private,volunteering activity,70,none,7,22,16
male,public,volunteering activity,95,none,87,97,93
male,private,volunteering activity,70,none,25,42,35
male,public,art,75,none,71,77,75
male,private,music,95,none,59,66,64
male,public,art,75,none,82,90,87
male,private,art,95,none,95,100,99
male,public,sports,75,completed,78,87,84
female,public,dance,60,none,16,49,34
female,private,dance,65,completed,67,72,71
female,private,music,65,none,18,20,20
male,public,sports,75,none,88,98,94
male,private,dance,70,completed,60,62,62
female,private,sports,60,completed,61,67,65
male,public,music,70,none,16,37,28
male,public,sports,70,none,44,6,26
male,public,volunteering activity,70,completed,82,84,84
male,public,music,70,none,7,34,22
female,private,art,75,none,56,63,61
male,private,music,95,none,56,62,60
female,public,sports,60,none,41,36,40
male,public,music,70,completed,97,100,100
male,private,dance,95,completed,84,90,88
female,private,sports,65,completed,99,100,100
male,private,dance,70,completed,95,100,99
female,private,sports,70,completed,91,96,95
male,public,volunteering activity,75,completed,63,70,68
male,public,drama,95,completed,63,65,65
female,private,drama,75,none,92,98,96
female,public,volunteering activity,75,completed,63,73,69
female,public,drama,60,none,27,30,30
male,private,music,95,none,90,98,95
male,public,music,70,completed,94,97,97
female,public,dance,65,completed,60,68,65
male,private,volunteering activity,75,none,87,90,90
male,private,dance,75,completed,87,91,90
male,private,volunteering activity,70,completed,76,82,80
female,private,drama,75,none,60,66,64
male,private,music,95,none,95,100,99
female,private,art,60,none,27,23,26
male,public,dance,75,completed,96,100,99
female,private,art,75,none,90,98,95
female,public,art,75,completed,91,100,97
male,private,music,95,completed,79,88,85
female,private,music,75,none,96,100,99
male,private,music,75,completed,83,89,87
female,private,music,75,none,59,61,61
male,private,art,70,completed,74,80,78
female,public,sports,65,none,18,44,32
male,private,volunteering activity,70,completed,74,83,80
male,private,volunteering activity,70,none,12,35,25
female,private,music,65,completed,97,100,100
male,private,art,75,none,90,91,92
male,private,art,75,none,58,67,64
female,private,volunteering activity,75,completed,73,77,76
male,private,volunteering activity,95,completed,55,60,59
male,private,drama,95,none,84,89,88
female,public,volunteering activity,70,completed,85,87,87
female,public,dance,75,completed,91,98,96
male,public,music,70,completed,56,61,60
female,private,art,65,completed,77,84,82
male,private,art,75,completed,65,70,69
female,public,dance,70,none,37,50,45
male,public,art,70,none,44,2,24
female,public,volunteering activity,70,none,16,21,20
female,public,drama,65,none,20,23,23
female,private,art,60,none,18,1,11
female,private,dance,75,completed,63,66,66
male,private,art,95,completed,77,81,80
male,private,art,95,completed,68,78,74
male,private,dance,95,none,90,95,94
male,public,music,70,none,39,40,41
female,private,music,75,none,95,100,99
male,public,sports,75,none,69,76,74
male,public,drama,75,none,71,72,73
female,private,dance,70,none,12,21,18
male,public,volunteering activity,95,none,58,68,64
male,private,music,95,none,58,61,61
female,private,drama,60,completed,72,80,77
male,private,dance,70,completed,81,82,83
male,public,sports,70,none,45,44,46
male,private,sports,95,completed,86,87,88
female,private,volunteering activity,75,none,62,70,67
male,public,dance,95,none,93,99,97
male,private,volunteering activity,75,completed,58,64,62
male,public,music,70,none,43,40,43
male,public,drama,75,completed,77,84,82
female,private,music,65,none,25,32,30
female,private,art,70,completed,56,64,61
female,private,dance,60,none,9,24,18
male,private,volunteering activity,95,completed,86,91,90
male,private,art,95,none,81,84,84
female,public,music,70,completed,64,68,67
male,private,music,95,none,73,76,76
male,private,drama,75,completed,60,66,64
male,private,music,75,completed,79,80,81
male,private,drama,95,completed,93,97,96
female,public,volunteering activity,70,none,32,17,26
male,public,dance,95,none,93,100,98
female,public,music,65,none,44,49,48
female,private,sports,65,none,36,38,38
male,public,dance,95,completed,91,96,95
male,public,sports,75,completed,98,100,100
male,public,volunteering activity,95,none,85,90,89
male,public,volunteering activity,95,none,56,58,58
female,private,dance,75,completed,80,86,84
female,private,art,65,none,1,18,11
male,public,dance,75,none,87,97,93
female,public,art,65,none,13,18,17
female,private,art,70,none,10,30,21
male,public,music,95,none,59,65,63
female,public,sports,70,none,43,7,26
female,private,volunteering activity,60,completed,87,93,91
male,private,sports,95,none,66,75,72
male,public,dance,75,completed,59,60,61
male,public,drama,95,none,69,72,72
male,private,volunteering activity,70,completed,94,95,96
female,private,sports,75,none,74,76,76
male,private,dance,70,completed,77,81,80
male,private,sports,95,completed,78,88,84
male,private,volunteering activity,75,none,60,70,66
female,public,sports,60,completed,77,79,79
male,private,drama,70,completed,57,58,59
male,public,drama,95,none,74,81,79
male,private,volunteering activity,70,none,3,14,10
male,public,music,70,completed,58,67,64
female,public,art,60,completed,74,77,77
male,private,music,70,none,25,19,23
male,private,dance,75,none,60,62,62
female,private,sports,65,none,13,7,11
female,public,music,70,none,49,40,46
female,public,dance,70,completed,63,66,66
male,private,drama,95,none,82,88,86
male,private,music,75,completed,86,87,88
female,private,volunteering activity,60,none,39,16,29
male,private,dance,95,none,56,61,60
male,public,sports,75,none,63,66,66
male,public,volunteering activity,70,completed,92,95,95
female,public,drama,65,completed,66,75,72
female,public,music,70,completed,76,82,80
female,private,sports,65,completed,75,84,81
male,private,dance,70,completed,89,97,94
female,private,sports,75,none,98,100,100
male,private,dance,95,completed,93,94,95
female,public,music,60,none,34,23,30
female,private,volunteering activity,75,none,57,67,63
male,public,volunteering activity,70,completed,69,76,74
male,public,art,75,none,84,86,86
female,public,art,70,completed,83,87,86
female,public,music,60,none,32,39,37
male,public,art,70,none,37,9,24
male,public,music,95,completed,79,89,85
male,public,volunteering activity,70,none,37,31,35
female,private,art,75,none,70,71,72
male,private,drama,70,none,23,2,14
female,private,sports,65,none,2,40,22
female,public,drama,75,none,78,86,83
male,public,dance,95,completed,56,58,58
male,private,music,70,none,26,31,30
female,public,volunteering activity,65,completed,63,65,65
male,public,art,95,none,78,82,81
female,public,sports,70,completed,64,71,69
female,private,volunteering activity,70,completed,59,60,61
female,public,volunteering activity,70,none,34,17,27
male,public,sports,75,none,83,93,89
male,public,volunteering activity,75,none,96,100,99
male,public,music,75,none,88,96,93
female,private,dance,60,none,45,22,35
male,private,music,95,completed,88,92,91
male,private,sports,70,none,13,17,16
female,public,volunteering activity,65,none,45,24,36
male,public,dance,70,none,10,20,16
male,private,sports,75,completed,94,100,98
male,private,sports,95,completed,55,65,61
male,private,dance,70,none,21,45,34
male,public,volunteering activity,95,none,70,78,75
male,public,art,70,completed,82,85,85
female,public,music,70,completed,64,68,67
female,private,sports,65,completed,77,86,83
male,public,drama,95,completed,80,82,82
male,public,volunteering activity,75,completed,98,100,100
female,private,dance,65,completed,92,97,96
male,private,volunteering activity,75,none,97,98,99
male,public,volunteering activity,95,completed,66,72,70
female,private,drama,65,completed,80,90,86
male,public,music,70,completed,92,95,95
male,public,volunteering activity,70,none,12,27,21
male,private,volunteering activity,95,none,97,100,100
male,private,drama,70,completed,64,67,67
female,private,dance,65,none,6,15,12
male,public,dance,70,completed,84,86,86
female,public,music,75,none,61,63,63
male,private,drama,95,completed,72,75,75
male,public,drama,70,completed,68,75,73
female,public,dance,60,completed,84,88,87
male,public,volunteering activity,75,completed,78,83,82
female,private,sports,70,completed,86,90,89
female,private,volunteering activity,65,none,48,18,34
male,public,music,70,completed,100,100,100
male,public,art,95,none,67,77,73
female,public,sports,65,none,3,37,21
female,private,music,75,none,56,58,58
male,private,drama,75,completed,59,67,64
male,public,volunteering activity,95,none,62,67,66
male,private,dance,75,none,57,63,61
male,public,sports,75,completed,60,64,63
female,public,music,70,none,25,39,33
male,public,art,70,completed,98,100,100
male,public,drama,95,completed,70,77,75
female,public,drama,60,completed,60,68,65
male,private,drama,70,none,5,39,23
female,private,art,60,none,25,9,18
female,public,music,60,none,36,22,30
male,public,dance,75,none,56,62,60
male,private,music,70,completed,96,100,99
female,public,art,70,completed,75,81,79
female,public,sports,75,none,91,97,95
male,private,sports,95,completed,74,84,80
female,private,sports,75,none,80,89,86
male,private,sports,75,none,87,91,90
male,public,sports,95,none,94,99,98
female,private,dance,70,completed,60,62,62
male,private,drama,75,none,56,66,62
female,public,art,70,none,9,3,7
male,private,art,70,completed,58,66,63
male,public,art,95,none,77,80,80
male,public,volunteering activity,70,completed,90,95,94
female,private,sports,65,none,0,32,17
female,public,drama,60,completed,87,92,91
male,public,volunteering activity,75,none,66,69,69
male,public,dance,95,none,97,100,100
female,private,art,60,none,50,32,42
female,private,volunteering activity,65,completed,99,100,100
female,private,music,75,none,76,81,80
male,public,dance,75,none,79,83,82
female,private,art,65,none,10,11,12
female,public,art,70,none,21,13,18
male,public,music,70,none,8,45,28
female,public,volunteering activity,65,completed,58,63,62
female,public,art,60,completed,92,98,96
male,private,art,70,completed,91,100,97
female,private,music,75,none,56,59,59
male,public,volunteering activity,70,completed,62,67,66
male,public,drama,95,none,67,74,72
female,public,sports,60,none,14,6,11
male,public,sports,75,completed,75,79,78
female,public,drama,70,completed,58,60,60
male,private,dance,75,completed,95,99,98
male,public,dance,75,none,60,62,62
male,public,volunteering activity,95,completed,65,70,69
male,public,drama,75,none,67,71,70
female,private,volunteering activity,60,none,16,20,19
female,public,volunteering activity,65,completed,73,78,77
male,public,art,70,completed,72,73,74
male,private,dance,75,completed,97,100,100
male,private,drama,75,none,86,96,92
male,private,music,75,none,87,90,90
male,public,music,70,completed,80,88,85
male,public,volunteering activity,70,none,22,6,15
male,private,sports,75,none,97,100,100
male,private,drama,95,none,61,71,67
female,public,music,65,none,50,45,49
male,private,drama,95,none,83,86,86
female,public,dance,75,none,87,90,90
female,private,dance,75,completed,68,74,72
male,public,music,95,completed,81,90,87
male,private,art,75,completed,98,100,100
male,private,sports,75,none,61,70,67
male,public,dance,70,none,23,49,37
male,private,art,95,none,55,65,61
male,private,art,70,completed,99,100,100
male,private,drama,70,none,35,9,23
female,public,music,60,completed,68,70,70
female,private,dance,60,completed,80,84,83
male,private,music,75,none,58,67,64
male,public,drama,70,completed,98,100,100
female,private,art,65,completed,79,86,84
female,public,volunteering activity,75,completed,66,75,72
male,private,volunteering activity,75,none,58,65,63
male,private,music,95,completed,71,80,77
male,private,drama,70,completed,57,58,59
male,public,volunteering activity,95,completed,96,100,99
male,private,dance,70,none,48,49,50
female,private,sports,75,none,88,96,93
female,private,music,65,completed,80,85,84
female,private,dance,75,none,86,95,92
female,private,dance,65,completed,84,92,89
male,public,music,75,none,97,98,99
female,private,music,70,completed,76,77,78
male,public,dance,70,completed,60,70,66
male,public,dance,70,completed,61,70,67
female,public,dance,60,none,29,33,32
male,public,sports,75,completed,58,60,60
female,public,art,75,completed,89,95,93
male,private,dance,75,completed,97,100,100
female,private,dance,70,none,47,2,26
female,private,art,65,none,34,45,41
female,public,volunteering activity,75,none,96,97,98
male,private,art,95,completed,79,82,82
female,private,drama,60,completed,72,76,75
male,public,sports,75,completed,89,92,92
male,public,art,75,none,57,59,59
male,public,volunteering activity,75,none,66,76,72
male,private,art,75,completed,98,100,100
male,public,dance,70,completed,73,75,75
male,private,art,95,completed,98,100,100
male,public,sports,70,completed,87,94,92
male,public,volunteering activity,75,completed,71,76,75
male,public,sports,70,none,47,1,25
male,public,art,70,none,22,39,32
male,private,music,95,none,90,97,95
male,private,music,75,completed,91,93,93
male,public,dance,70,completed,55,60,59
male,private,dance,70,completed,77,86,83
male,private,volunteering activity,70,none,30,48,40
male,private,drama,95,completed,71,77,75
female,public,music,60,none,29,11,21
female,private,art,65,completed,73,83,79
female,public,drama,60,none,21,0,12
female,public,volunteering activity,70,completed,62,69,67
female,private,art,65,completed,63,69,67
male,private,volunteering activity,75,completed,79,83,82
male,public,drama,95,completed,65,71,69
male,private,volunteering activity,95,none,64,66,66
female,public,art,60,completed,91,100,97
male,public,dance,70,completed,80,90,86
female,public,dance,75,completed,56,58,58
male,public,dance,70,completed,84,86,86
male,public,volunteering activity,75,completed,78,80,80
male,public,music,75,completed,91,95,94
female,private,drama,75,none,85,86,87
male,public,sports,75,completed,70,72,72
male,private,drama,70,none,2,25,15
female,public,volunteering activity,70,none,32,27,31
female,public,music,70,none,50,19,36
male,private,drama,70,none,24,22,24
male,private,sports,95,completed,90,92,92
female,public,volunteering activity,60,completed,79,87,84
male,private,music,70,completed,86,89,89
male,public,sports,75,completed,88,90,90
male,private,art,95,none,80,83,83
female,public,volunteering activity,60,none,16,29,24
male,public,art,75,none,79,83,82
female,public,music,60,none,24,10,18
male,public,dance,70,none,12,35,25
male,public,music,95,completed,76,84,81
male,private,volunteering activity,70,none,35,33,35
female,public,dance,65,completed,83,91,88
male,private,volunteering activity,95,completed,91,98,96
male,private,art,75,completed,81,85,84
female,private,dance,65,none,18,25,23
female,public,sports,65,completed,80,86,84
male,public,dance,75,completed,94,100,98
female,public,volunteering activity,75,none,55,63,60
male,private,dance,70,none,38,28,34
female,public,drama,70,none,20,42,32
male,private,volunteering activity,95,none,71,80,77
male,public,music,75,completed,90,97,95
male,private,music,70,none,44,36,41
male,public,dance,75,none,87,91,90
female,private,dance,70,completed,65,74,71
male,public,drama,75,none,58,62,61
male,private,drama,75,none,86,92,90
male,private,dance,75,none,93,100,98
male,public,dance,70,none,36,43,41
female,private,sports,65,completed,72,82,78
male,public,drama,75,none,66,76,72
male,public,music,95,none,91,100,97
female,private,sports,75,completed,72,81,78
female,public,art,70,completed,69,79,75
male,public,music,95,none,80,81,82
male,private,volunteering activity,70,completed,96,100,99
female,private,music,60,none,27,37,33
female,private,volunteering activity,65,completed,66,75,72
female,private,art,75,none,61,64,64
male,public,volunteering activity,95,none,96,100,99
male,public,art,95,none,61,70,67
male,public,drama,75,completed,75,79,78
female,public,sports,60,completed,99,100,100
female,public,drama,60,completed,73,83,79
male,public,drama,70,none,44,40,43
male,public,art,75,none,84,86,86
male,public,music,95,none,68,71,71
male,public,drama,95,none,62,63,64
female,private,drama,60,completed,99,100,100
male,private,volunteering activity,75,none,88,89,90
male,public,volunteering activity,70,completed,58,61,61
female,private,sports,75,none,81,90,87
male,public,music,70,completed,78,80,80
male,public,volunteering activity,95,none,78,80,80
female,private,drama,75,completed,75,76,77
female,public,volunteering activity,75,completed,100,100,100
female,public,dance,75,none,67,68,69
female,public,drama,75,completed,98,100,100
male,public,sports,95,none,74,80,78
male,private,drama,70,completed,60,61,62
male,private,dance,70,none,12,22,18
male,public,sports,95,completed,98,100,100
female,public,art,60,completed,93,100,98
female,private,sports,75,none,74,83,80
female,public,dance,75,completed,64,66,66
female,public,dance,65,completed,91,100,97
male,public,dance,70,none,25,1,14
male,private,dance,70,none,39,30,36
male,private,dance,70,completed,59,69,65
male,private,dance,95,completed,75,85,81
male,public,music,95,completed,65,66,67
male,private,music,95,completed,73,76,76
male,public,drama,75,none,81,83,83
male,private,art,95,none,96,100,99
female,public,music,65,completed,100,100,100
male,private,drama,70,none,42,41,43
female,private,art,65,completed,87,89,89
male,private,drama,70,none,46,39,44
male,private,art,70,none,20,8,15
female,public,dance,65,none,42,16,30
male,private,sports,95,completed,95,100,99
female,private,drama,75,none,84,86,86
male,public,art,95,completed,83,89,87
male,private,music,70,none,36,24,31
female,public,dance,65,completed,69,77,74
male,private,volunteering activity,95,completed,74,79,78
male,private,art,75,completed,89,99,95
female,public,dance,75,none,79,89,85
male,public,dance,70,none,37,35,37
male,private,music,75,none,81,89,86
male,private,music,70,completed,74,82,79
male,private,sports,95,none,58,61,61
male,public,art,70,completed,77,87,83
female,private,dance,60,completed,79,85,83
male,private,art,75,none,83,93,89
female,private,volunteering activity,70,completed,92,97,96
male,public,sports,95,none,95,100,99
female,private,drama,70,none,8,13,12
male,private,volunteering activity,95,completed,82,91,88
female,public,art,60,completed,60,69,66
male,private,dance,95,completed,91,93,93
female,public,dance,70,completed,65,73,70
male,private,dance,70,none,45,0,24
male,public,art,75,none,88,94,92
male,public,music,95,completed,66,75,72
female,public,sports,75,none,78,87,84
male,private,dance,95,none,60,66,64
male,public,drama,70,none,12,11,13
female,public,music,60,completed,77,78,79
male,public,dance,75,none,72,78,76
female,public,drama,60,completed,93,100,98
male,private,drama,70,none,24,31,29
male,private,music,70,completed,74,84,80
male,private,music,95,none,84,87,87
male,private,drama,75,completed,89,91,91
male,private,sports,75,completed,96,97,98
male,private,drama,95,none,83,86,86
female,public,drama,75,none,71,76,75
female,private,music,65,none,32,18,26
female,public,sports,75,none,94,95,96
female,private,dance,60,none,4,41,24
female,private,music,60,none,45,21,34
male,private,art,75,completed,56,64,61
male,public,music,75,none,79,86,84
female,public,dance,65,none,23,45,35
female,public,volunteering activity,65,completed,72,81,78
male,public,drama,75,none,61,63,63
female,public,volunteering activity,60,none,41,7,25
male,public,sports,75,completed,99,100,100
male,public,art,95,none,62,70,67
female,private,music,70,completed,58,63,62
female,public,drama,70,completed,94,100,98
male,private,volunteering activity,70,none,38,42,41
male,public,drama,75,completed,99,100,100
male,private,drama,70,completed,94,100,98
female,public,volunteering activity,60,completed,79,82,82
male,public,drama,70,none,25,7,17
female,private,sports,60,none,2,29,17
female,public,art,70,none,50,43,48
female,public,music,70,none,22,6,15
female,private,dance,65,none,10,3,8
female,private,music,60,completed,98,100,100
female,private,volunteering activity,70,completed,97,98,99
female,public,drama,70,completed,92,100,97
male,private,music,75,none,77,86,83
female,private,volunteering activity,75,completed,64,74,70
male,public,volunteering activity,95,none,83,89,87
male,private,sports,95,completed,96,100,99
female,public,dance,75,completed,57,62,61
female,private,music,60,completed,70,77,75
male,private,volunteering activity,95,completed,83,84,85
male,public,music,95,completed,75,83,80
female,private,art,75,none,71,72,73
male,public,art,70,none,9,16,14
male,private,drama,70,completed,68,71,71
male,private,volunteering activity,75,completed,76,80,79
female,public,art,70,completed,65,66,67
male,public,drama,75,none,65,67,67
female,public,volunteering activity,60,none,14,35,26
male,private,art,75,none,67,72,71
male,public,drama,70,completed,76,80,79
male,private,art,95,completed,69,79,75
male,private,music,75,none,87,97,93
male,private,music,75,none,77,85,82
female,private,volunteering activity,60,none,28,14,22
male,private,sports,75,completed,85,90,89
male,public,art,95,completed,83,91,88
male,private,art,95,none,91,100,97
male,private,sports,75,completed,94,95,96
male,public,drama,70,completed,65,66,67
male,public,volunteering activity,75,completed,80,86,84
female,private,drama,60,none,17,41,30
male,public,art,75,none,86,93,91
male,private,music,95,none,89,91,91
male,private,art,95,completed,99,100,100
male,public,sports,70,completed,69,79,75
female,private,volunteering activity,70,completed,76,84,81
male,public,volunteering activity,70,completed,94,97,97
male,public,art,75,none,80,89,86
male,private,music,70,none,29,48,40
female,public,music,75,none,67,74,72
male,private,drama,70,none,50,3,28
male,private,volunteering activity,95,none,92,99,97
female,public,music,75,completed,91,94,94
male,public,sports,75,none,99,100,100
male,private,sports,95,none,83,85,85
female,public,music,70,none,4,33,20
female,private,drama,70,none,34,40,38
male,private,dance,75,none,75,85,81
male,private,sports,75,completed,68,70,70
male,private,music,70,completed,58,66,63
male,public,volunteering activity,95,none,96,99,99
female,public,sports,65,completed,66,70,69
male,private,music,75,none,97,100,100
male,public,dance,75,none,94,100,98
male,private,dance,75,none,87,95,92
female,private,art,70,none,40,23,33
female,public,volunteering activity,75,completed,83,89,87
male,private,music,95,none,66,74,71
female,public,dance,75,none,100,100,100
male,private,sports,95,completed,58,67,64
male,public,music,95,none,97,99,99
male,private,dance,70,completed,90,97,95
male,public,art,95,none,62,63,64
male,private,sports,95,completed,69,74,73
female,private,drama,65,none,34,12,24
male,private,volunteering activity,95,completed,81,89,86
female,private,drama,75,none,66,76,72
female,private,sports,75,completed,55,65,61
male,private,volunteering activity,75,completed,91,98,96
female,public,dance,65,none,14,35,26
male,public,dance,95,completed,100,100,100
female,public,art,70,none,11,0,7
male,private,music,95,none,63,69,67
male,public,dance,95,none,74,84,80
male,private,volunteering activity,95,none,90,98,95
male,public,drama,75,completed,71,74,74
female,private,dance,65,none,49,45,48
male,private,dance,95,none,85,93,90
male,public,sports,75,completed,100,100,100
female,public,music,60,none,3,36,21
female,public,dance,75,none,98,100,100
male,public,dance,95,completed,83,91,88
female,private,dance,65,completed,73,79,77
female,private,art,75,completed,84,91,89
male,public,drama,70,none,12,42,28
male,public,dance,70,none,37,17,28
female,private,music,75,completed,55,63,60
female,public,music,70,completed,94,100,98
male,public,volunteering activity,70,none,17,3,11
female,private,dance,70,none,29,15,23
female,public,art,60,completed,73,82,79
male,private,art,70,none,40,14,28
female,private,dance,60,none,16,32,25
male,private,dance,70,completed,92,93,94
male,private,sports,70,none,21,24,24
male,public,dance,75,completed,62,64,64
male,private,dance,70,completed,65,67,67
male,private,dance,70,completed,65,68,68
male,public,dance,95,none,97,100,100
female,private,volunteering activity,75,none,68,76,73
male,public,sports,70,completed,71,80,77
male,public,volunteering activity,70,completed,70,77,75
male,public,drama,95,none,98,100,100
male,public,volunteering activity,70,completed,63,73,69
male,public,volunteering activity,75,completed,75,77,77
male,public,volunteering activity,75,completed,65,71,69
female,private,drama,75,completed,71,77,75
female,private,art,65,none,50,45,49
female,private,sports,60,none,36,37,38
female,public,dance,75,completed,96,98,98
male,private,music,95,completed,85,95,91
female,private,drama,75,completed,67,74,72
female,public,sports,60,none,17,48,34
male,private,volunteering activity,95,none,56,62,60
female,private,music,65,completed,69,73,72
female,private,music,65,none,15,4,11
female,private,dance,60,none,11,45,29
male,private,music,70,completed,77,81,80
male,private,drama,75,none,78,80,80
male,private,drama,75,completed,98,100,100
male,private,dance,70,none,30,7,20
male,public,volunteering activity,75,completed,72,79,77
male,private,volunteering activity,70,completed,86,87,88
male,public,dance,75,none,66,76,72
female,private,drama,75,none,64,66,66
female,public,music,60,completed,89,95,93
male,public,dance,75,completed,66,74,71
male,public,volunteering activity,70,none,50,19,36
female,public,music,70,completed,56,60,59
female,public,dance,70,completed,59,69,65
female,private,art,65,completed,82,83,84
male,private,music,70,completed,55,57,57
male,public,music,75,completed,84,93,90
male,private,music,70,none,26,30,29
male,public,sports,95,completed,94,98,97
male,private,volunteering activity,70,completed,99,100,100
male,public,art,70,none,6,48,28
female,private,drama,60,completed,76,82,80
female,private,music,75,none,65,70,69
female,public,sports,65,completed,77,84,82
female,public,sports,60,none,16,15,17
male,public,drama,95,completed,87,95,92
male,private,art,75,completed,63,67,66
female,private,music,65,none,1,3,3
female,public,dance,70,completed,90,99,96
female,public,volunteering activity,70,completed,74,83,80
female,public,sports,65,completed,78,82,81
female,public,music,60,none,27,26,28
male,private,art,95,completed,99,100,100
female,public,sports,75,none,71,78,76
female,private,dance,60,none,4,37,22
female,public,volunteering activity,75,completed,73,79,77
male,public,music,75,completed,90,98,95
female,public,dance,60,none,42,34,39
male,public,art,70,none,48,36,43
female,private,sports,60,completed,91,97,95
female,public,sports,60,none,13,17,16
male,public,volunteering activity,75,none,77,80,80
male,private,sports,95,completed,73,77,76
male,private,volunteering activity,95,none,55,56,57
male,private,sports,95,none,68,74,72
female,private,volunteering activity,70,none,30,4,18
male,private,music,95,none,63,65,65
male,public,dance,95,none,87,92,91
male,public,dance,95,completed,99,100,100
female,private,music,65,completed,88,93,92
male,private,volunteering activity,95,none,65,74,71
female,public,art,75,completed,95,100,99
male,private,sports,70,completed,77,87,83
male,public,sports,75,none,91,99,96
female,public,sports,65,none,27,35,32
male,public,music,75,none,68,78,74
male,private,music,75,completed,91,100,97
female,private,volunteering activity,75,completed,85,92,90
male,private,music,75,none,97,100,100
male,public,art,70,completed,99,100,100
male,public,music,75,none,78,88,84
male,private,drama,75,none,93,100,98
male,public,art,70,none,31,26,30
male,private,drama,70,completed,85,90,89
male,public,drama,70,completed,97,100,100
male,public,drama,70,completed,60,62,62
male,public,dance,70,none,39,40,41
female,public,volunteering activity,70,completed,88,95,93
female,public,art,65,completed,62,67,66
female,public,dance,60,completed,67,77,73
female,public,music,65,none,29,5,18
male,public,sports,95,completed,65,74,71
female,public,dance,60,completed,98,100,100
male,private,volunteering activity,70,none,13,7,11
male,private,music,70,completed,85,89,88
female,public,sports,65,none,15,27,22
male,private,art,70,completed,74,77,77
male,private,sports,95,none,69,70,71
male,private,volunteering activity,70,none,45,19,33
female,public,art,60,none,4,39,23
male,private,art,95,completed,95,100,99
male,private,volunteering activity,70,none,23,20,23
male,public,music,75,completed,99,100,100
male,private,sports,75,none,100,100,100
female,private,sports,70,completed,92,97,96
male,public,sports,95,none,61,64,64
male,public,drama,95,completed,64,71,69
female,public,volunteering activity,65,completed,85,87,87
male,private,dance,95,none,86,89,89
male,private,art,75,completed,95,100,99
female,public,art,65,completed,99,100,100
female,public,volunteering activity,60,none,6,32,20
male,public,drama,95,none,87,95,92
female,public,drama,60,none,5,35,21
female,private,dance,75,none,88,98,94
male,public,sports,70,completed,98,100,100
female,public,drama,70,completed,62,66,65
female,public,dance,70,none,3,35,20
female,private,drama,70,completed,79,87,84
female,private,dance,75,none,77,86,83
male,public,volunteering activity,95,none,68,72,71
male,public,drama,75,completed,77,79,79
male,public,dance,70,completed,73,81,78
male,private,music,75,completed,89,98,95
male,public,music,75,none,70,75,74
male,private,art,75,completed,70,73,73
male,private,volunteering activity,75,none,70,74,73
female,private,dance,65,completed,69,75,73
male,public,art,75,none,61,63,63
male,public,art,75,none,61,71,67
male,private,art,70,completed,73,75,75
male,public,drama,95,none,80,90,86
female,public,sports,75,completed,80,85,84
male,public,sports,75,none,80,89,86
female,private,music,70,completed,74,84,80
male,public,volunteering activity,95,none,86,94,91
female,private,art,70,none,37,4,22
female,private,music,70,completed,93,96,96
male,private,art,75,completed,68,77,74
male,private,dance,75,none,58,59,60
male,public,volunteering activity,75,none,90,100,96
male,private,volunteering activity,95,completed,88,94,92
male,private,sports,95,completed,86,94,91
female,public,sports,65,none,21,20,22
male,private,dance,95,completed,96,100,99
male,private,dance,75,completed,85,88,88
male,public,drama,70,completed,99,100,100
female,public,art,75,completed,61,68,66
female,private,drama,70,none,14,15,16
male,public,drama,95,completed,65,66,67
female,public,volunteering activity,70,none,12,17,16
male,public,volunteering activity,70,none,38,1,21
male,public,dance,70,completed,72,77,76
male,public,volunteering activity,70,none,8,41,26
male,private,music,95,completed,87,93,91
female,private,drama,60,completed,95,97,97
male,private,dance,75,none,64,68,67
male,public,volunteering activity,75,none,73,81,78
female,public,dance,60,none,6,21,15
male,private,volunteering activity,75,completed,99,100,100
male,public,volunteering activity,75,completed,68,77,74
male,public,drama,70,completed,70,76,74
female,public,volunteering activity,65,completed,62,69,67
male,private,art,70,completed,93,98,97
male,private,drama,75,none,80,82,82
female,public,volunteering activity,75,completed,66,68,68
male,public,drama,95,completed,93,100,98
male,public,music,75,completed,76,81,80
male,public,sports,95,completed,96,100,99
female,private,art,75,none,98,100,100
female,public,drama,75,completed,96,100,99
male,private,sports,70,completed,57,65,62
male,public,music,75,completed,83,85,85
female,public,music,70,none,39,28,35
male,public,sports,95,none,93,95,95
male,private,sports,70,none,1,12,8
female,private,sports,70,none,3,48,27
male,private,music,95,completed,95,100,99
male,private,drama,75,none,96,100,99
male,public,volunteering activity,75,none,100,100,100
male,private,art,70,completed,81,91,87
female,private,art,60,none,47,32,41
male,public,music,70,none,34,48,42
male,private,sports,95,none,55,56,57
male,public,volunteering activity,70,none,18,30,25
male,public,sports,70,completed,87,92,91
female,private,art,75,none,94,96,96
male,private,art,75,none,72,76,75
male,public,music,70,completed,86,94,91
male,private,music,70,none,20,2,12
male,private,drama,70,completed,66,68,68
female,private,drama,65,completed,61,68,66
male,private,dance,95,completed,79,88,85
male,private,drama,70,none,37,41,40
male,private,volunteering activity,75,completed,68,78,74
female,public,drama,65,completed,90,97,95
female,private,art,75,completed,81,82,83
male,public,drama,70,none,18,6,13
female,public,volunteering activity,60,none,6,34,21
male,private,drama,75,completed,98,100,100
male,private,dance,95,completed,60,63,63
male,public,dance,95,none,87,88,89
female,private,dance,65,none,35,22,30
male,private,sports,70,none,5,25,16
female,public,dance,65,none,50,15,34
female,private,music,65,completed,85,87,87
male,public,drama,75,none,100,100,100
male,public,volunteering activity,95,completed,63,65,65
male,public,art,70,none,20,17,20
male,public,music,75,none,61,67,65
female,public,dance,60,completed,89,91,91
female,public,drama,70,completed,72,77,76
male,public,volunteering activity,70,completed,70,71,72
male,public,art,95,completed,87,95,92
male,public,sports,75,none,73,82,79
male,public,drama,75,none,56,65,62
female,public,volunteering activity,75,completed,60,68,65
female,private,art,70,none,39,50,46
male,public,dance,70,none,48,1,26
male,private,art,95,completed,97,99,99
male,private,dance,70,completed,66,73,71
male,public,sports,70,none,38,16,28
male,private,sports,70,none,44,22,34
female,private,dance,60,none,33,46,41
female,public,dance,65,none,17,20,20
female,public,art,70,none,35,29,33
male,public,dance,70,none,36,26,32
female,public,art,60,none,11,32,23
male,private,drama,75,completed,72,80,77
female,private,volunteering activity,60,completed,70,75,74
male,private,drama,75,none,72,76,75
male,public,music,70,none,29,28,30
female,private,drama,75,none,68,69,70
male,public,art,70,none,10,29,21
male,public,art,95,completed,70,74,73
male,private,art,70,completed,71,76,75
male,private,volunteering activity,75,none,63,73,69
male,private,sports,75,completed,68,75,73
male,public,dance,70,completed,92,98,96
male,public,volunteering activity,95,completed,70,73,73
male,private,volunteering activity,75,completed,93,99,97
male,private,music,95,completed,87,97,93
female,public,sports,75,none,92,94,94
male,private,sports,70,none,7,47,28
male,private,volunteering activity,75,none,85,91,89
male,public,music,75,none,85,93,90
female,private,dance,70,completed,79,85,83
male,private,volunteering activity,95,none,93,100,98
female,public,art,60,none,6,22,15
female,private,sports,70,none,40,6,24
female,public,drama,75,none,72,79,77
female,private,art,60,none,41,43,43
female,private,sports,70,completed,70,77,75
male,public,art,95,completed,75,76,77
female,public,dance,70,none,44,40,43
male,public,dance,95,completed,85,93,90
female,private,dance,75,none,59,60,61
female,public,sports,70,completed,91,92,93
male,public,dance,70,completed,100,100,100
male,public,music,70,completed,78,86,83
male,private,art,95,none,55,63,60
male,public,sports,75,completed,91,93,93
male,public,art,95,completed,89,99,95
female,public,sports,65,completed,61,67,65
female,private,art,75,completed,89,98,95
female,private,volunteering activity,70,completed,91,100,97
female,public,drama,75,completed,63,67,66
female,public,music,65,completed,88,93,92
male,private,drama,75,completed,77,78,79
male,public,dance,95,none,84,86,86
female,private,drama,60,none,8,33,22
male,private,sports,95,completed,95,100,99
female,public,music,65,completed,60,70,66
male,private,volunteering activity,95,none,77,85,82
male,public,art,75,none,85,93,90
male,public,music,95,completed,97,100,100
male,private,volunteering activity,70,completed,55,58,58
